GraphQL To be the best, you must be able to handle the worst. Kafka Distributed Systems Parallel Processing Server Response Algorithm Success doesn’t just find you. You have to go out and get it. Monitoring Sharding Dream big and dare to fail. Logging Stay hungry, stay foolish. Python Machine Learning
RabbitMQ API Load Testing JavaScript Kubernetes Great things never come from comfort zones.
A/B Testing Container Orchestration Security Backend Success is not in what you have, but who you are. Docker Happiness is not something ready made. It comes from your own actions. Edge Computing Database Indexing Data Pipeline Load Balancing Logging Monitoring Message Queue Replica Set
WebSockets Containerization The only way to do great work is to love what you do. OAuth Load Testing NLP
Simplicity is the ultimate sophistication. GraphQL DevOps Automation Database Performance Act as if what you do makes a difference. It does. OAuth
Sharding Success is how high you bounce when you hit bottom. NLP Database If you can dream it, you can do it. Act as if what you do makes a difference. It does. Data Pipeline
NLP Testing Lambda Functions Logging OAuth To be the best, you must be able to handle the worst. JavaScript Algorithm Automation Load Balancing Big Data
Kubernetes Server Response Difficult roads often lead to beautiful destinations. Act as if what you do makes a difference. It does. Stay hungry, stay foolish. Scalability Don't be afraid to give up the good to go for the great. A/B Testing Replica Set Dream big and dare to fail. Firewalls Framework
Difficult roads often lead to beautiful destinations. Scalability Event Sourcing OAuth JWT Replica Set Database Deployment Kubernetes Success is how high you bounce when you hit bottom.
Frontend The only way to do great work is to love what you do. Automation Algorithm Version Control A/B Testing Database Success doesn’t just find you. You have to go out and get it. Replica Set RabbitMQ Firewalls JavaScript To be the best, you must be able to handle the worst. Code Review Cloud
Container Orchestration Act as if what you do makes a difference. It does. Code Review GraphQL Stay hungry, stay foolish. IoT Virtual Machines API Gateway
Containerization Data Pipeline Replica Set Framework Event Sourcing Innovation distinguishes between a leader and a follower. Performance Content Delivery Network DevOps Do what you love and the money will follow. Logging API Gateway
Multi-threading DNS Routing Neural Networks Deployment CI/CD
